"","director","movies","years","gross","rating"
"1","Aaron Schneider","AvataråÊ",2009,760505847,7.9
"2","Aaron Seltzer","Pirates of the Caribbean: At World's EndåÊ",2007,309404152,7.1
"4","Adam Goldberg","The Dark Knight RisesåÊ",2012,448130642,8.5
"7","Adam McKay","TangledåÊ",2010,200807262,7.8
"8","Adam McKay","Avengers: Age of UltronåÊ",2015,458991599,7.5
"9","Adam McKay","Harry Potter and the Half-Blood PrinceåÊ",2009,301956980,7.5
"13","Adam Rifkin","Pirates of the Caribbean: Dead Man's CheståÊ",2006,423032628,7.3
"15","Adam Shankman","Man of SteelåÊ",2013,291021565,7.2
"17","Adam Shankman","The AvengersåÊ",2012,623279547,8.1
"20","Adam Shankman","The Hobbit: The Battle of the Five ArmiesåÊ",2014,255108370,7.5
"23","Adrian Lyne","The Hobbit: The Desolation of SmaugåÊ",2013,258355354,7.9
"25","Adrian Lyne","King KongåÊ",2005,218051260,7.2
"26","Adrienne Shelly","TitanicåÊ",1997,658672302,7.7
"27","Agnieszka Holland","Captain America: Civil WaråÊ",2016,407197282,8.2
"30","Akira Kurosawa","SkyfallåÊ",2012,304360277,7.8
"31","Akira Kurosawa","Spider-Man 2åÊ",2004,373377893,7.3
"32","Akiva Goldsman","Iron Man 3åÊ",2013,408992272,7.2
"35","Alan Cohn","Monsters UniversityåÊ",2013,268488329,7.3
"43","Alan Rudolph","Toy Story 3åÊ",2010,414984497,8.3
"45","Alan Taylor","Furious 7åÊ",2015,350034110,7.2
"47","Albert Brooks","X-Men: Days of Future PaståÊ",2014,233914986,8
"48","Albert Hughes","Star Trek Into DarknessåÊ",2013,228756232,7.8
"50","Albert Hughes","The Great GatsbyåÊ",2013,144812796,7.3
"55","Alejandro AmenÌÁbar","BraveåÊ",2012,237282182,7.2
"56","Alejandro G. IÌ±ÌÁrritu","Star Trek BeyondåÊ",2016,130468626,7.5
"57","Alejandro G. IÌ±ÌÁrritu","WALLåáEåÊ",2008,223806889,8.4
"64","Alex Craig Mann","X-Men: ApocalypseåÊ",2016,154985087,7.3
"65","Alex Garland","The Dark KnightåÊ",2008,533316061,9
"66","Alex Gibney","UpåÊ",2009,292979556,8.3
"68","Alex Kendrick","Iron ManåÊ",2008,318298180,7.9
"69","Alex Kendrick","HugoåÊ",2011,73820094,7.5
"74","Alex Proyas","Edge of TomorrowåÊ",2014,100189501,7.9
"77","Alex Zamm","Inside OutåÊ",2015,356454367,8.3
"78","Alexander Payne","The Jungle BookåÊ",2016,362645141,7.8
"82","Alexander Payne","Dawn of the Planet of the ApesåÊ",2014,208543795,7.6
"84","Alexandre Aja","Captain America: The Winter SoldieråÊ",2014,259746958,7.8
"87","Alexandre Aja","Big Hero 6åÊ",2014,222487711,7.9
"88","Alfonso CuarÌ_n","Wreck-It RalphåÊ",2012,189412677,7.8
"91","Alfonso CuarÌ_n","How to Train Your DragonåÊ",2010,217387997,8.2
"93","Alison Maclean","Guardians of the GalaxyåÊ",2014,333130696,8.1
"94","Alister Grierson","InterstellaråÊ",2014,187991439,8.6
"95","Allen Coulter","InceptionåÊ",2010,292568851,8.8
"97","Allison Anders","The Curious Case of Benjamin ButtonåÊ",2008,127490802,7.8
"98","Amy Heckerling","X-Men: First ClassåÊ",2011,146405371,7.8
"104","Andrew Adamson","WarcraftåÊ",2016,46978995,7.3
"108","Andrew Bergman","TransformersåÊ",2007,318759914,7.1
"110","Andrew Davis","Harry Potter and the Order of the PhoenixåÊ",2007,292000866,7.5
"111","Andrew Davis","Harry Potter and the Goblet of FireåÊ",2005,289994397,7.6
"113","Andrew Davis","I Am LegendåÊ",2007,256386216,7.2
"115","Andrew Dominik","RatatouilleåÊ",2007,206435493,8
"116","Andrew Douglas","Batman BeginsåÊ",2005,205343774,8.3
"121","Andrew Haigh","FrozenåÊ",2013,400736600,7.6
"122","Andrew Morahan","The Matrix ReloadedåÊ",2003,281492479,7.2
"123","Andrew Niccol","Thor: The Dark WorldåÊ",2013,206360018,7.1
"124","Andrew Niccol","Mad Max: Fury RoadåÊ",2015,153629485,8.1
"131","Andrey Konchalovskiy","Mission: Impossible - Rogue NationåÊ",2015,195000874,7.4
"135","Andrzej Bartkowiak","Kung Fu Panda 2åÊ",2011,165230261,7.3
"143","Andy Fickman","TroyåÊ",2004,133228348,7.2
"150","Andy Tennant","Kung Fu Panda 3åÊ",2016,143523463,7.2
"151","Andy Tennant","Mission: Impossible - Ghost ProtocolåÊ",2011,209364921,7.4
"152","Andy Tennant","Rise of the GuardiansåÊ",2012,103400692,7.3
"154","Andy Tennant","The Last SamuraiåÊ",2003,111110575,7.7
"156","Ang Lee","Star TrekåÊ",2009,257704099,8
"157","Ang Lee","Spider-ManåÊ",2002,403706375,7.3
"158","Ang Lee","How to Train Your Dragon 2åÊ",2014,176997107,7.9
"161","Ang Lee","WatchmenåÊ",2009,107503316,7.7
"169","Angelo Pizzo","Master and Commander: The Far Side of the WorldåÊ",2003,93926386,7.4
"174","Anne Fletcher","The RevenantåÊ",2015,183635922,8.1
"176","Anne Fletcher","RangoåÊ",2011,123207194,7.2
"178","Anne Fontaine","The Bourne UltimatumåÊ",2007,227137090,8.1
"179","Anne Fontaine","Kung Fu PandaåÊ",2008,215395021,7.6
"180","Anthony Bell","Ant-ManåÊ",2015,180191634,7.4
"181","Anthony Hemingway","The Hunger Games: Catching FireåÊ",2013,424645577,7.6
"189","Anthony Russo","The Adventures of TintinåÊ",2011,77564037,7.4
"190","Anthony Russo","Harry Potter and the Prisoner of AzkabanåÊ",2004,249358727,7.8
"195","Antoine Fuqua","MegamindåÊ",2010,148337537,7.3
"196","Antoine Fuqua","Harry Potter and the Sorcerer's StoneåÊ",2001,317557891,7.5
"198","Antoine Fuqua","Pirates of the Caribbean: The Curse of the Black PearlåÊ",2003,305388685,8.1
"202","Antonia Bird","X-Men 2åÊ",2003,214948780,7.5
"203","Antonio Banderas","Fast FiveåÊ",2011,209805005,7.3
"204","Antony Hoffman","Sherlock Holmes: A Game of ShadowsåÊ",2011,186830669,7.5
"206","Ari Sandel","Total RecallåÊ",1990,119412921,7.5
"215","Atom Egoyan","Life of PiåÊ",2012,124976634,8
"217","Atom Egoyan","Jason BourneåÊ",2016,108521835,7.1
"228","Barbet Schroeder","Star Wars: Episode III - Revenge of the SithåÊ",2005,380262555,7.6
"230","Barbra Streisand","Monsters, Inc.åÊ",2001,289907418,8.1
"233","Barry Levinson","The CroodsåÊ",2013,187165546,7.3
"237","Barry Levinson","GravityåÊ",2013,274084951,7.8
"243","Barry Levinson","The PatriotåÊ",2000,113330342,7.1
"247","Barry Sonnenfeld","The AviatoråÊ",2004,102608827,7.5
"254","Barry W. Blaustein","Real SteelåÊ",2011,85463309,7.1
"258","Baz Luhrmann","Live Free or Die HardåÊ",2007,134520804,7.2
"259","Baz Luhrmann","The Lord of the Rings: The Fellowship of the RingåÊ",2001,313837577,8.8
"263","Ben Affleck","I, RobotåÊ",2004,144795350,7.1
"264","Ben Affleck","Kingdom of HeavenåÊ",2005,47396698,7.2
"266","Ben Falcone","The Princess and the FrogåÊ",2009,104374107,7.1
"267","Ben Lewin","The MartianåÊ",2015,228430993,8.1
"271","Ben Stiller","GladiatoråÊ",2000,187670866,8.5
"272","Ben Stiller","Minority ReportåÊ",2002,132014112,7.7
"273","Ben Wheatley","Harry Potter and the Chamber of SecretsåÊ",2002,261970615,7.4
"274","Ben Younger","Casino RoyaleåÊ",2006,167007184,8
"276","Benh Zeitlin","Terminator 2: Judgment DayåÊ",1991,204843350,8.5
"278","Bennett Miller","American GangsteråÊ",2007,130127620,7.8
"279","Bennett Miller","True LiesåÊ",1994,146282411,7.2
"284","Betty Thomas","Django UnchainedåÊ",2012,162804648,8.5
"286","Betty Thomas","The Emperor's New GrooveåÊ",2000,89296573,7.3
"295","Bill Duke","Blood DiamondåÊ",2006,57366262,8
"296","Bill Paxton","The Wolf of Wall StreetåÊ",2013,116866727,8.2
"298","Bille August","Starship TroopersåÊ",1997,54700065,7.2
"299","Bille Woodruff","Cloud AtlasåÊ",2012,27098580,7.5
"303","Billy Ray","Treasure PlanetåÊ",2002,38120554,7.1
"311","Bob Clark","The Peanuts MovieåÊ",2015,130174897,7.2
"312","Bob Clark","The Spanish PrisoneråÊ",1997,10200000,7.3
"314","Bob Dolman","Gangs of New YorkåÊ",2002,77679638,7.5
"315","Bob Odenkirk","The Flowers of WaråÊ",2011,9213,7.6
"318","Bob Spiers","Black Hawk DownåÊ",2001,108638745,7.7
"320","Bobby Farrelly","The Fifth ElementåÊ",1997,63540020,7.7
"326","Bobby Farrelly","Finding NemoåÊ",2003,380838870,8.2
"327","Bobby Farrelly","The Lord of the Rings: The Return of the KingåÊ",2003,377019252,8.9
"328","Bonnie Hunt","The Lord of the Rings: The Two TowersåÊ",2002,340478898,8.7
"333","Brad Anderson","Rise of the Planet of the ApesåÊ",2011,176740650,7.6
"337","Brad Bird","The IncrediblesåÊ",2004,261437578,8
"340","Brad Furman","Men in BlackåÊ",1997,250147615,7.3
"341","Brad Furman","Toy Story 2åÊ",1999,245823397,7.9
"347","Brad Silberling","The Secret Life of Walter MittyåÊ",2013,58229120,7.3
"349","Bradley Parker","The DepartedåÊ",2006,132373442,8.5
"350","Brandon Camp","MulanåÊ",1998,120618403,7.5
"352","Breck Eisner","The Girl with the Dragon TattooåÊ",2011,102515793,7.8
"353","Breck Eisner","Die Hard with a VengeanceåÊ",1995,100012500,7.6
"354","Breck Eisner","Sherlock HolmesåÊ",2009,209019489,7.6
"357","Brett Leonard","ValkyrieåÊ",2008,83077470,7.1
"360","Brett Ratner","A.I. Artificial IntelligenceåÊ",2001,78616689,7.1
"362","Brett Ratner","ContactåÊ",1997,100853835,7.4
"378","Brian De Palma","Cinderella ManåÊ",2005,61644321,8
"380","Brian De Palma","SeabiscuitåÊ",2003,120147445,7.3
"383","Brian Helgeland","Cast AwayåÊ",2000,233630478,7.7
"385","Brian Helgeland","The Bourne SupremacyåÊ",2004,176049130,7.8
"387","Brian Henson","Ocean's ElevenåÊ",2001,183405771,7.8
"389","Brian Koppelman","Hotel TransylvaniaåÊ",2012,148313048,7.1
"390","Brian Levant","EnchantedåÊ",2007,127706877,7.1
"395","Brian Levant","Enemy of the StateåÊ",1998,111544445,7.3
"400","Brian Robbins","Enemy at the GatesåÊ",2001,51396781,7.6
"403","Brian Trenchard-Smith","Memoirs of a GeishaåÊ",2005,57010853,7.3
"405","Britt Allcroft","Arthur ChristmasåÊ",2011,46440491,7.1
"406","Bronwen Hughes","Meet Joe BlackåÊ",1998,44606335,7.1
"409","Bruce Campbell","Scott Pilgrim vs. the WorldåÊ",2010,31494270,7.5
"413","Bruce McCulloch","DreddåÊ",2012,13401683,7.1
"418","Bryan Singer","ZodiacåÊ",2007,33048353,7.7
"422","Bryan Singer","Mission: ImpossibleåÊ",1996,180965237,7.1
"423","Bryan Singer","The Hunger GamesåÊ",2012,407999255,7.3
"427","Burr Steers","Lilo & StitchåÊ",2002,145771527,7.2
"435","Callie Khouri","Shutter IslandåÊ",2010,127968405,8.1
"438","Cameron Crowe","Face/OffåÊ",1997,112225777,7.3
"440","Cameron Crowe","Road to PerditionåÊ",2002,104054514,7.7
"444","Carl Franklin","Cold MountainåÊ",2003,95632614,7.2
"452","Carlos Saldanha","FuryåÊ",2014,85707116,7.6
"460","Catherine Hardwicke","Fantasia 2000åÊ",1999,60507228,7.3
"470","Chan-wook Park","Thirteen DaysåÊ",2000,34566746,7.3
"482","Charles Stone III","OceansåÊ",2009,19406406,7.8
"485","Chatrichalerm Yukol","A Beautiful MindåÊ",2001,170708996,8.2
"486","Chia-Liang Liu","The Lion KingåÊ",1994,422783777,8.5
"489","Chris Carter","Red DragonåÊ",2002,92930005,7.2
"493","Chris Columbus","The Little PrinceåÊ",2015,1339152,7.8
"498","Chris Columbus","Despicable Me 2åÊ",2013,368049635,7.5
"502","Chris Gorak","Children of MenåÊ",2006,35286428,7.9
"503","Chris Kentis","X-MenåÊ",2000,157299717,7.4
"505","Chris Koch","The RockåÊ",1996,134006721,7.4
"511","Chris Noonan","Now You See MeåÊ",2013,117698894,7.3
"513","Chris Roberts","The TerminalåÊ",2004,77032279,7.3
"516","Chris Stokes","Charlie Wilson's WaråÊ",2007,66636385,7.1
"520","Chris Weitz","MunichåÊ",2005,47379090,7.6
"523","Chris Weitz","The Man from U.N.C.L.E.åÊ",2015,45434443,7.3
"536","Christopher Cain","UnbreakableåÊ",2000,94999143,7.2
"544","Christopher McQuarrie","The KingdomåÊ",2007,47456450,7.1
"547","Christopher McQuarrie","BraveheartåÊ",1995,75600000,8.4
"548","Christopher Nolan","JarheadåÊ",2005,62647540,7.1
"549","Christopher Nolan","The Simpsons MovieåÊ",2007,183132370,7.4
"552","Christopher Nolan","Two BrothersåÊ",2004,18947630,7.1
"556","Christopher Smith","Shrek 2åÊ",2004,436471036,7.2
"557","Christopher Spencer","CarsåÊ",2006,244052771,7.2
"562","Chuck Russell","Inglourious BasterdsåÊ",2009,120523073,8.3
"565","CÌ©dric Klapisch","Die Hard 2åÊ",1990,117541000,7.1
"571","Clark Johnson","We Were SoldiersåÊ",2002,78120196,7.1
"575","Clay Kaytis","Big FishåÊ",2003,66257002,8
"577","Clint Eastwood","War HorseåÊ",2011,79883359,7.2
"579","Clint Eastwood","The AbyssåÊ",1989,54222000,7.6
"583","Clint Eastwood","StarduståÊ",2007,38345403,7.7
"605","Costa-Gavras","Despicable MeåÊ",2010,251501645,7.7
"608","Courtney Solomon","AgoraåÊ",2009,617840,7.2
"611","Craig Brewer","The InsideråÊ",1999,28965197,7.9
"612","Craig Gillespie","Body of LiesåÊ",2008,39380442,7.1
"617","Craig R. Baxley","Saving Private RyanåÊ",1998,216119491,8.6
"620","Cristian Mungiu","Ice AgeåÊ",2002,176387405,7.6
"622","Curtis Hanson","LincolnåÊ",2012,182204440,7.4
"623","Curtis Hanson","The MatrixåÊ",1999,171383253,8.7
"624","Curtis Hanson","Apollo 13åÊ",1995,172071312,7.6
"625","Curtis Hanson","Total RecallåÊ",1990,119412921,7.5
"627","D.J. Caruso","Les MisÌ©rablesåÊ",2012,148775460,7.6
"632","Dagur KÌÁri","UnbrokenåÊ",2014,115603980,7.2
"640","Dan Gilroy","Eyes Wide ShutåÊ",1999,55637680,7.3
"651","Daniel Lee","Fight ClubåÊ",1999,37023395,8.8
"652","Daniel Myrick","We Are MarshallåÊ",2006,43532294,7.1
"660","Danny Boyle","EvereståÊ",2015,43247140,7.1
"661","Danny Boyle","Perfume: The Story of a MurdereråÊ",2006,2208939,7.5
"664","Danny Cannon","Jurassic ParkåÊ",1993,356784000,8.1
"673","Dario Argento","The Hateful EightåÊ",2015,54116191,7.9
"676","Darren Aronofsky","300åÊ",2006,210592590,7.7
"678","Darren Aronofsky","Marley & MeåÊ",2008,143151473,7.1
"679","Darren Aronofsky","The Green MileåÊ",1999,136801374,8.5
"681","Darren Grant","Gone GirlåÊ",2014,167735396,8.1
"682","Darren Lynn Bousman","The Bourne IdentityåÊ",2002,121468960,7.9
"683","Darren Lynn Bousman","GoldenEyeåÊ",1995,106635996,7.2
"685","Darren Lynn Bousman","The Truman ShowåÊ",1998,125603360,8.1
"699","David Ayer","REDåÊ",2010,90356857,7.1
"702","David Bowers","CollateralåÊ",2004,100003492,7.6
"707","David Cronenberg","This Is ItåÊ",2009,71844424,7.3
"710","David Cronenberg","CoralineåÊ",2009,75280058,7.7
"712","David Dobkin","Man on FireåÊ",2004,77862546,7.7
"729","David Frankel","ShooteråÊ",2007,46975183,7.2
"732","David Gelb","The Lego MovieåÊ",2014,257756197,7.8
"737","David Gordon Green","InvictusåÊ",2009,37479778,7.4
"751","David Lynch","Almost FamousåÊ",2000,32522352,7.9
"756","David McNally","The AvengersåÊ",2012,623279547,8.1
"773","David R. Ellis","DeadpoolåÊ",2016,363024263,8.1
"775","David R. Ellis","American SniperåÊ",2014,350123553,7.3
"785","David Sington","The Devil's AdvocateåÊ",1997,60984028,7.5
"793","David Twohy","Forrest GumpåÊ",1994,329691196,8.8
"797","David Yates","SupermanåÊ",1978,134218018,7.3
"802","David Zucker","Captain PhillipsåÊ",2013,107100855,7.9
"805","David Zucker","The EqualizeråÊ",2014,101530738,7.2
"807","Davis Guggenheim","Crimson TideåÊ",1995,91400000,7.3
"808","Dean DeBlois","The Pursuit of HappynessåÊ",2006,162586036,8
"812","Dean Parisot","Kill Bill: Vol. 1åÊ",2003,70098138,8.1
"814","Dean Parisot","Kill Bill: Vol. 2åÊ",2004,66207920,8
"824","Dennie Gordon","RoninåÊ",1998,41609593,7.3
"826","Dennis Dugan","PaddingtonåÊ",2014,76137505,7.2
"833","Dennis Dugan","ChangelingåÊ",2008,35707327,7.8
"836","Dennis Iliadis","The Phantom of the OperaåÊ",2004,51225796,7.4
"845","Dewey Nicks","A Very Long EngagementåÊ",2004,6167817,7.7
"847","Dexter Fletcher","Seven PoundsåÊ",2008,69951824,7.7
"849","Diane Keaton","The Godfather: Part IIIåÊ",1990,66676062,7.6
"856","Dominic Sena","AnastasiaåÊ",1997,58297830,7.1
"857","Dominic Sena","Moulin Rouge!åÊ",2001,57386369,7.6
"860","Don Bluth","Flags of Our FathersåÊ",2006,33574332,7.1
"861","Don Bluth","Law Abiding CitizenåÊ",2009,73343413,7.4
"862","Don Coscarelli","GrindhouseåÊ",2007,25031037,7.6
"865","Don Michael Paul","Catch Me If You CanåÊ",2002,164435221,8
"866","Don Michael Paul","Zero Dark ThirtyåÊ",2012,95720716,7.4
"871","Donald Petrie","The Thin Red LineåÊ",1998,36385763,7.6
"873","Donald Petrie","Man on the MoonåÊ",1999,34580635,7.4
"874","Donald Petrie","CasinoåÊ",1995,42438300,8.2
"880","Doug Liman","ShrekåÊ",2001,267652016,7.9
"881","Doug Liman","The Adjustment BureauåÊ",2011,62453315,7.1
"883","Doug Liman","Jerry MaguireåÊ",1996,153620822,7.3
"885","Douglas Aarniokoski","As Good as It GetsåÊ",1997,147637474,7.7
"889","Drake Doremus","Super 8åÊ",2011,126975169,7.1
"890","Drew Barrymore","Erin BrockovichåÊ",2000,125548685,7.3
"892","Duke Johnson","22 Jump StreetåÊ",2014,191616238,7.1
"893","Duncan Jones","Interview with the Vampire: The Vampire ChroniclesåÊ",1994,105264608,7.6
"899","Dwight H. Little","Inside ManåÊ",2006,88504640,7.6
"900","E. Elias Merhige","PaybackåÊ",1999,81517441,7.1
"904","Ed Gass-Donnelly","Crazy, Stupid, Love.åÊ",2011,84244877,7.4
"907","Edgar Wright","MoneyballåÊ",2011,75605492,7.6
"911","Edward Burns","V for VendettaåÊ",2005,70496802,8.2
"920","Edward Zwick","13 HoursåÊ",2016,52822418,7.4
"921","Edward Zwick","The Book of LifeåÊ",2014,50150619,7.3
"925","Eli Roth","The GameåÊ",1997,48265581,7.8
"929","Elizabeth Allen Rosenbaum","The NegotiatoråÊ",1998,44484065,7.3
"933","Ellory Elkayem","The JudgeåÊ",2014,47105085,7.4
"956","Ethan Coen","The Iron GiantåÊ",1999,23159305,8
"957","Ethan Coen","The Life Aquatic with Steve ZissouåÊ",2004,24006726,7.3
"959","Ethan Coen","The Life of David GaleåÊ",2003,19593740,7.5
"962","Eugenio Derbez","Eastern PromisesåÊ",2007,17114882,7.7
"983","Fina Torres","TrafficåÊ",2000,124107476,7.6
"984","Finn Taylor","Indiana Jones and the Last CrusadeåÊ",1989,197171806,8.3
"988","Florian Henckel von Donnersmarck","Three KingsåÊ",1999,60652036,7.1
"991","Francis Ford Coppola","K-PAXåÊ",2001,50173190,7.4
"995","Francis Ford Coppola","3:10 to YumaåÊ",2007,53574088,7.8
"1006","Franco Zeffirelli","InsomniaåÊ",2002,67263182,7.2
"1007","FranÌ¤ois Girard","Star Trek: First ContactåÊ",1996,92001027,7.6
"1011","Frank Coraci","The InfiltratoråÊ",2016,14946229,7.3
"1020","Frank Darabont","The Bucket ListåÊ",2007,93452056,7.4
"1023","Frank Marshall","PrisonersåÊ",2013,60962878,8.1
"1024","Frank Marshall","Training DayåÊ",2001,76261036,7.7
"1025","Frank Marshall","Galaxy QueståÊ",1999,71423726,7.3
"1027","Frank Miller","The MuppetsåÊ",2011,88625922,7.1
"1028","Frank Miller","BladeåÊ",1998,70001065,7.1
"1029","Frank Nissen","Coach CarteråÊ",2005,67253092,7.2
"1033","Frank Oz","Love ActuallyåÊ",2003,59365105,7.7
"1034","Frank Oz","A Bug's LifeåÊ",1998,162792677,7.2
"1051","Gabriele Muccino","Across the UniverseåÊ",2007,24343673,7.4
"1052","Gabriele Muccino","Revolutionary RoadåÊ",2008,22877808,7.3
"1060","Garry Marshall","DreddåÊ",2012,13401683,7.1
"1063","Garry Marshall","NixonåÊ",1995,13560960,7.1
"1064","Garth Jennings","The Ghost WriteråÊ",2010,15523168,7.2
"1073","Gary Halvorson","ArgoåÊ",2012,136019448,7.7
"1074","Gary Hardwick","The FugitiveåÊ",1993,183875760,7.8
"1076","Gary Rogers","SleepersåÊ",1996,53300852,7.5
"1079","Gary Ross","PinocchioåÊ",1940,84300000,7.5
"1083","Gary Trousdale","Finding ForresteråÊ",2000,51768623,7.3
"1090","Gavin Hood","21 Jump StreetåÊ",2012,138447667,7.2
"1106","George A. Romero","Lord of WaråÊ",2005,24127895,7.6
"1107","George Armitage","HeroåÊ",2002,84961,7.9
"1111","George Clooney","MicmacsåÊ",2009,1260917,7.2
"1115","George Gallo","The Sixth SenseåÊ",1999,293501675,8.1
"1118","George Jackson","The Karate KidåÊ",1984,90800000,7.2
"1119","George Lucas","American HustleåÊ",2013,150117807,7.3
"1122","George Lucas","Back to the Future Part IIåÊ",1989,118500000,7.8
"1126","George Miller","A Time to KillåÊ",1996,108706165,7.4
"1128","George Miller","Lone SurvivoråÊ",2013,125069696,7.6
"1129","George Miller","A League of Their OwnåÊ",1992,107458785,7.2
"1130","George Nolfi","The Conjuring 2åÊ",2016,102310175,7.8
"1131","George P. Cosmatos","The Social NetworkåÊ",2010,96917897,7.7
"1135","George Roy Hill","Back to the Future Part IIIåÊ",1990,87666629,7.4
"1137","George Sidney","Bram Stoker's DraculaåÊ",1992,82522790,7.5
"1139","George Tillman Jr.","42åÊ",2013,95001343,7.5
"1140","George Tillman Jr.","The Talented Mr. RipleyåÊ",1999,81292135,7.3
"1142","George Tillman Jr.","Eight BelowåÊ",2006,81593527,7.3
"1143","GÌ©rard Krawczyk","The InternåÊ",2015,75274748,7.2
"1145","Gil Junger","The Last of the MohicansåÊ",1992,72455275,7.8
"1146","Gil Kenan","RayåÊ",2004,75305995,7.7
"1147","Gil Kenan","Sin CityåÊ",2005,74098862,8.1
"1149","Gillian Armstrong","I Love You, ManåÊ",2009,71347010,7.1
"1151","Gina Prince-Bythewood","JFKåÊ",1991,70405498,8
"1154","Glen Morgan","UnbrokenåÊ",2014,115603980,7.2
"1158","Glenn Ficarra","Bridge of SpiesåÊ",2015,72306065,7.6
"1163","Gore Verbinski","The Count of Monte CristoåÊ",2002,54228104,7.7
"1164","Gore Verbinski","The Lincoln LawyeråÊ",2011,57981889,7.3
"1166","Gore Verbinski","The PrestigeåÊ",2006,53082743,8.5
"1169","Graham Annable","ApocalyptoåÊ",2006,50859889,7.8
"1179","Gregory Hoblit","The RainmakeråÊ",1997,45856732,7.1
"1181","Gregory Jacobs","AmistadåÊ",1997,44175394,7.2
"1190","Guillermo del Toro","The DoorsåÊ",1991,35183792,7.2
"1195","Gus Van Sant","Pay It ForwardåÊ",2000,33508922,7.2
"1212","Guy Ritchie","Mean StreetsåÊ",1973,32645,7.4
"1224","Harold Becker","The ImpossibleåÊ",2012,18996755,7.6
"1226","Harold Becker","Fantastic Mr. FoxåÊ",2009,20999103,7.8
"1229","Harold Cronk","AmÌ©lieåÊ",2001,33201661,8.4
"1244","Hayao Miyazaki","SunshineåÊ",2007,3675072,7.3
"1252","Henry Koster","The Hudsucker ProxyåÊ",1994,2869369,7.3
"1253","Henry Selick","The WarlordsåÊ",2007,128978,7.1
"1256","Herbert Ross","The CrowåÊ",1994,50693162,7.6
"1257","Hilary Brougher","Baahubali: The BeginningåÊ",2015,6498000,8.4
"1258","Hironobu Sakaguchi","The Time Traveler's WifeåÊ",2009,63411478,7.1
"1261","Howard Deutch","SerenityåÊ",2005,25335935,8
"1265","Hoyt Yeatman","Red CliffåÊ",2008,626809,7.4
"1273","Hugh Wilson","The HurricaneåÊ",1999,50668906,7.6
"1282","Iain Softley","PreciousåÊ",2009,47536959,7.3
"1284","Ìämile Gaudreault","The ThingåÊ",1982,13782838,8.2
"1289","Irvin Kershner","The MasteråÊ",2012,16377274,7.1
"1290","Irwin Winkler","The ExpressåÊ",2008,9589875,7.3
"1292","Irwin Winkler","CreedåÊ",2015,109712885,7.7
"1293","Irwin Winkler","The TownåÊ",2010,92173235,7.6
"1297","Ivan Reitman","RushåÊ",2013,26903709,8.1
"1298","Ivan Reitman","MagnoliaåÊ",1999,22450975,8
"1316","Jack Sholder","GattacaåÊ",1997,12339633,7.8
"1320","Jake Kasdan","The HangoveråÊ",2009,277313371,7.8
"1321","Jake Kasdan","Ip Man 3åÊ",2015,2126511,7.2
"1323","Jake Kasdan","BatmanåÊ",1989,251188924,7.6
"1326","Jake Schreier","The Blind SideåÊ",2009,255950375,7.7
"1329","James Bobin","True GritåÊ",2010,171031347,7.7
"1333","James Cameron","Cape FearåÊ",1991,79100000,7.3
"1337","James Cameron","The English PatientåÊ",1996,78651430,7.4
"1338","James Cameron","L.A. ConfidentialåÊ",1997,64604977,8.3
"1342","James DeMonaco","A Nightmare on Elm StreetåÊ",1984,26505000,7.5
"1345","James Fargo","SecretariatåÊ",2010,59699513,7.2
"1350","James Gray","Saving Mr. BanksåÊ",2013,83299761,7.5
"1351","James Gray","Malcolm XåÊ",1992,48169908,7.7
"1358","James Ivory","Donnie BrascoåÊ",1997,41954997,7.8
"1360","James Ivory","PoltergeiståÊ",1982,76600000,7.4
"1368","James Mangold","The PianiståÊ",2002,32519322,8.5
"1372","James Mangold","CloseråÊ",2004,33987757,7.3
"1386","James Wan","ConcussionåÊ",2015,34531832,7.1
"1389","James Wan","Wonder BoysåÊ",2000,19389454,7.4
"1404","Jan de Bont","The Young VictoriaåÊ",2009,10991381,7.3
"1412","Jason Bateman","The WalkåÊ",2015,10137502,7.4
"1416","Jason Friedberg","Blood In, Blood OutåÊ",1993,4496583,8
"1422","Jason Reitman","The Age of InnocenceåÊ",1993,32000000,7.2
"1423","Jason Reitman","The FountainåÊ",2006,10139254,7.3
"1426","Jaume BalaguerÌ_","PonyoåÊ",2008,15081783,7.7
"1427","Jaume BalaguerÌ_","The Longest RideåÊ",2015,37432299,7.1
"1431","Jaume Collet-Serra","Mandela: Long Walk to FreedomåÊ",2013,8324748,7.1
"1432","Jaume Collet-Serra","A Few Good MenåÊ",1992,141340178,7.6
"1444","Jay Roach","Star Wars: Episode VI - Return of the JediåÊ",1983,309125409,8.4
"1446","Jay Roach","The ReaderåÊ",2008,34180954,7.6
"1455","Jean-Jacques Annaud","Men of HonoråÊ",2000,48814909,7.2
"1459","Jean-Marc VallÌ©e","Source CodeåÊ",2011,54696902,7.5
"1460","Jean-Marie PoirÌ©","AliveåÊ",1993,36733909,7.1
"1462","Jean-Marie PoirÌ©","The Young and Prodigious T.S. SpivetåÊ",2013,99462,7.1
"1464","Jean-Pierre Jeunet","A History of ViolenceåÊ",2005,31493782,7.5
"1476","Jeff Kanew","Apocalypse NowåÊ",1979,78800000,8.5
"1478","Jeff Nichols","Mr. Holland's OpusåÊ",1995,82528097,7.3
"1480","Jeff Nichols","Out of AfricaåÊ",1985,87100000,7.2
"1481","Jeff Schaffer","FlightåÊ",2012,93749203,7.3
"1483","Jeff Tremaine","The Grand Budapest HotelåÊ",2014,59073773,8.1
"1486","Jeff Wadlow","FrequencyåÊ",2000,44983704,7.3
"1490","Jennifer Yuh Nelson","ChicagoåÊ",2002,170684505,7.2
"1493","Jeremy Saulnier","Toy StoryåÊ",1995,191796233,8.3
"1494","Jeremy Saulnier","SpeedåÊ",1994,121248145,7.2
"1497","Jerry Jameson","Remember the TitansåÊ",2000,115648585,7.8
"1498","Jerry Zaks","The Hunt for Red OctoberåÊ",1990,122012643,7.6
"1499","Jerry Zucker","Lee Daniels' The ButleråÊ",2013,116631310,7.2
"1505","Jesse Peretz","Se7enåÊ",1995,100125340,8.6
"1506","Jesse Vaughan","District 9åÊ",2009,115646235,8
"1508","Jessie Nelson","Mystic RiveråÊ",2003,90135191,8
"1509","Jessy Terrero","Million Dollar BabyåÊ",2004,100422786,8.1
"1511","Jill Sprecher","The NotebookåÊ",2004,64286,7.9
"1516","Jim Goddard","Legends of the FallåÊ",1994,66528842,7.5
"1517","Jim Hanon","Up in the AiråÊ",2009,83813460,7.4
"1518","Jim Mickle","About SchmidtåÊ",2002,65010106,7.2
"1520","Jim Sheridan","LooperåÊ",2012,66468315,7.4
"1524","Jimmy Hayward","Forgetting Sarah MarshallåÊ",2008,62877175,7.2
"1531","Jodie Foster","Midnight in ParisåÊ",2011,56816662,7.7
"1533","Joe Berlinger","BlowåÊ",2001,52937130,7.6
"1539","Joe Charbanic","The Curse of the Were-RabbitåÊ",2005,56068547,7.5
"1540","Joe Cornish","P.S. I Love YouåÊ",2007,53680848,7.1
"1541","Joe Dante","AtonementåÊ",2007,50921738,7.8
"1544","Joe Dante","Corpse BrideåÊ",2005,53337608,7.4
"1545","Joe Dante","SicarioåÊ",2015,46875468,7.6
"1546","Joe Dante","SouthpawåÊ",2015,52418902,7.5
"1548","Joe Johnston","The Age of AdalineåÊ",2015,42478175,7.2
"1549","Joe Johnston","Secondhand LionsåÊ",2003,41407470,7.6
"1552","Joe Nussbaum","Stranger Than FictionåÊ",2006,40137776,7.6
"1556","Joe Roth","Midnight RunåÊ",1988,38413606,7.6
"1566","Joel Coen","9åÊ",2009,31743332,7.1
"1567","Joel Coen","Side EffectsåÊ",2013,32154410,7.1
"1568","Joel Coen","Winnie the PoohåÊ",2011,26687172,7.3
"1580","Joel Schumacher","The Next Three DaysåÊ",2010,21129348,7.4
"1588","John A. Davis","North CountryåÊ",2005,18324242,7.3
"1609","John Carpenter","GloryåÊ",1989,26830000,7.9
"1610","John Carpenter","Once Upon a Time in AmericaåÊ",1984,5300000,8.4
"1612","John Cornell","The Merchant of VeniceåÊ",2004,3752725,7.1
"1617","John Dahl","The Assassination of Jesse James by the Coward Robert FordåÊ",2007,3904982,7.5
"1621","John Eng","Walk the LineåÊ",2005,119518352,7.9
"1624","John Erick Dowdle","Frost/NixonåÊ",2008,18593156,7.7
"1627","John Francis Daley","Cry FreedomåÊ",1987,5899797,7.5
"1630","John Frankenheimer","The JacketåÊ",2005,6301131,7.1
"1631","John G. Avildsen","AladdinåÊ",1992,217350219,8
"1632","John G. Avildsen","Straight Outta ComptonåÊ",2015,161029270,7.9
"1633","John G. Avildsen","Indiana Jones and the Temple of DoomåÊ",1984,179870271,7.6
"1637","John Glen","Die HardåÊ",1988,81350242,8.2
"1639","John Glen","The Big ShortåÊ",2015,70235322,7.8
"1641","John Hamburg","MiracleåÊ",2004,64371181,7.5
"1642","John Hamburg","Dawn of the DeadåÊ",2004,58885635,7.4
"1644","John Herzfeld","The Royal TenenbaumsåÊ",2001,52353636,7.6
"1645","John Hillcoat","IdentityåÊ",2003,51475962,7.3
"1654","John Lasseter","Kick-AssåÊ",2010,48043505,7.7
"1658","John Lee Hancock","Pride & PrejudiceåÊ",2005,38372662,7.8
"1659","John Lee Hancock","Blade RunneråÊ",1982,27000000,8.2
"1677","John McTiernan","My Sister's KeeperåÊ",2009,49185998,7.4
"1679","John McTiernan","A Passage to IndiaåÊ",1984,26400000,7.4
"1680","John McTiernan","Notes on a ScandalåÊ",2006,17508670,7.4
"1682","John Michael McDonagh","Star Trek VI: The Undiscovered CountryåÊ",1991,74888996,7.2
"1684","John Milius","The Jungle BookåÊ",2016,362645141,7.8
"1686","John Moore","The Blues BrothersåÊ",1980,54200000,7.9
"1688","John Moore","About a BoyåÊ",2002,40566655,7.1
"1690","John Ottman","Lucky Number SlevinåÊ",2006,22494487,7.8
"1691","John Pasquin","The Right StuffåÊ",1983,21500000,7.9
"1693","John Pasquin","Dark CityåÊ",1998,14337579,7.7
"1708","John Singleton","The 40-Year-Old VirginåÊ",2005,109243478,7.1
"1709","John Singleton","Shakespeare in LoveåÊ",1998,100241322,7.2
"1714","John Singleton","Open RangeåÊ",2003,58328680,7.5
"1716","John Stockwell","A Bridge Too FaråÊ",1977,50800000,7.4
"1719","John Waters","O Brother, Where Art Thou?åÊ",2000,45506619,7.8
"1724","John Whitesell","SilveradoåÊ",1985,33200000,7.2
"1725","John Whitesell","BrothersåÊ",2009,28501651,7.1
"1736","Jon Amiel","The Constant GardeneråÊ",2005,33565375,7.5
"1737","Jon Amiel","The Passion of the ChriståÊ",2004,499263,7.1
"1739","Jon Amiel","Rain ManåÊ",1988,172825435,8
"1740","Jon Avnet","Gran TorinoåÊ",2008,148085755,8.2
"1742","Jon Avnet","TakenåÊ",2008,145000989,7.9
"1745","Jon Favreau","Schindler's ListåÊ",1993,96067179,8.9
"1746","Jon Favreau","The HelpåÊ",2011,169705587,8.1
"1753","Jon Hurwitz","The UntouchablesåÊ",1987,76270454,7.9
"1754","Jon Hurwitz","No Country for Old MenåÊ",2007,74273505,8.1
"1757","Jon M. Chu","ChocolatåÊ",2000,71309760,7.3
"1761","Jon M. Chu","TombstoneåÊ",1993,56505065,7.8
"1765","Jon Turteltaub","Bridge to TerabithiaåÊ",2007,82234139,7.2
"1766","Jon Turteltaub","Finding NeverlandåÊ",2004,51676606,7.8
"1770","Jon Turteltaub","Anchorman: The Legend of Ron BurgundyåÊ",2004,84136909,7.2
"1771","Jon Turteltaub","GoodfellasåÊ",1990,46836394,8.7
"1774","Jonathan Caouette","ScarfaceåÊ",1983,44700000,8.3
"1776","Jonathan Demme","The Last EmperoråÊ",1987,43984230,7.8
"1779","Jonathan Demme","There Will Be BloodåÊ",2007,40218903,8.1
"1792","Jonathan Liebesman","The HoursåÊ",2002,41597830,7.6
"1797","Jonathan Lynn","August RushåÊ",2007,31655091,7.5
"1798","Jonathan Lynn","ElizabethåÊ",1998,30012990,7.5
"1800","Jonathan Lynn","Tora! Tora! Tora!åÊ",1970,14500000,7.5
"1803","Jonathan Mostow","The Shawshank RedemptionåÊ",1994,28341469,9.3
"1807","Joon-ho Bong","August: Osage CountyåÊ",2013,37738400,7.3
"1809","Jorge Blanco","Eddie the EagleåÊ",2016,15785632,7.5
"1815","Joseph Gordon-Levitt","Punch-Drunk LoveåÊ",2002,17791031,7.3
"1830","Josh Trank","Angela's AshesåÊ",1999,13038660,7.3
"1833","Joshua Oppenheimer","Lords of DogtownåÊ",2005,11008432,7.1
"1835","Joshua Tickell","Big Trouble in Little ChinaåÊ",1986,11100000,7.3
"1836","JosÌ© Padilha","WarrioråÊ",2011,13651662,8.2
"1837","JosÌ© Padilha","Michael CollinsåÊ",1996,11030963,7.1
"1838","JosÌ© Padilha","GettysburgåÊ",1993,10769960,7.7
"1847","Judd Apatow","The RoadåÊ",2009,56692,7.3
"1850","Julian Jarrold","The World's Fastest IndianåÊ",2005,5128124,7.9
"1857","Julie Taymor","Without LimitsåÊ",1998,777423,7.2
"1859","Jun Falkenstein","The Best OfferåÊ",2013,85433,7.8
"1861","Justin Chadwick","Little White LiesåÊ",2010,183662,7.1
"1865","Justin Lin","Dangerous LiaisonsåÊ",1988,34700000,7.7
"1867","Justin Lin","Star Trek IV: The Voyage HomeåÊ",1986,109713132,7.3
"1868","Justin Zackham","Rocky BalboaåÊ",2006,70269171,7.2
"1875","Karen Moncrieff","Old SchoolåÊ",2003,74608545,7.2
"1876","Karey Kirkpatrick","The Fisher KingåÊ",1991,41895491,7.6
"1883","Katherine Dieckmann","Girl, InterruptedåÊ",1999,28871190,7.3
"1892","Keenen Ivory Wayans","The Princess and the CobbleråÊ",1993,669276,7.2
"1895","Keith Gordon","Howl's Moving CastleåÊ",2004,4710455,8.2
"1896","Kelly Asbury","ZombielandåÊ",2009,75590286,7.7
"1897","Kelly Makin","King KongåÊ",2005,218051260,7.2
"1899","Kelly Reichardt","Star Wars: Episode V - The Empire Strikes BackåÊ",1980,290158751,8.8
"1903","Ken Kwapis","The Ides of MarchåÊ",2011,40962534,7.1
"1904","Ken Scott","Pitch BlackåÊ",2000,39235088,7.1
"1906","Kenneth Branagh","HeråÊ",2013,25556065,8
"1907","Kenneth Branagh","Eddie the EagleåÊ",2016,15785632,7.5
"1917","Kenny Ortega","The End of the AffairåÊ",1999,10660147,7.2
"1923","Kevin Allen","SpaceballsåÊ",1987,38119483,7.1
"1924","Kevin Bray","The Water DivineråÊ",2014,4190530,7.1
"1926","Kevin Brodie","There's Something About MaryåÊ",1998,176483808,7.1
"1930","Kevin Donovan","The Bridges of Madison CountyåÊ",1995,70960517,7.5
"1932","Kevin Greutert","The Hundred-Foot JourneyåÊ",2014,54235441,7.3
"1934","Kevin Jordan","I Am SamåÊ",2001,40270895,7.6
"1939","Kevin Munroe","ShadowlandsåÊ",1993,25842000,7.4
"1959","Kevin Spacey","Black BookåÊ",2006,4398392,7.8
"1960","Kevin Tancharoen","Joyeux NoelåÊ",2005,1050445,7.8
"1965","Kimberly Peirce","MoliÌ¬reåÊ",2007,634277,7.3
"1967","Kimberly Peirce","Michael ClaytonåÊ",2007,49024969,7.3
"1969","King Vidor","Arlington RoadåÊ",1999,24362501,7.2
"1972","Kirk De Micco","South Park: Bigger Longer & UncutåÊ",1999,52008288,7.8
"1973","Kirk Jones","Death at a FuneralåÊ",2007,8579684,7.4
"1976","Kirk Jones","Silver Linings PlaybookåÊ",2012,132088910,7.8
"1977","Kirk Jones","Freedom WritersåÊ",2007,36581633,7.5
"1981","Klaus Menzel","Away We GoåÊ",2009,9430988,7.1
"1984","Kurt Wimmer","Tinker Tailor Soldier SpyåÊ",2011,24104113,7.1
"1989","Lana Wachowski","Raiders of the Lost ArkåÊ",1981,242374454,8.5
"1991","Lana Wachowski","Close Encounters of the Third KindåÊ",1977,128300000,7.7
"1995","Lance Mungia","The Silence of the LambsåÊ",1991,130727000,8.6
"1997","Larry Charles","Jackass 3DåÊ",2010,117224271,7.1
"2000","Larry Charles","The ConjuringåÊ",2013,137387272,7.5
"2004","Lars von Trier","School of RockåÊ",2003,81257845,7.1
"2008","Lasse HallstrÌ¦m","The DescendantsåÊ",2011,82624961,7.3
"2009","Lasse HallstrÌ¦m","HolesåÊ",2003,67325559,7.1
"2011","Lasse HallstrÌ¦m","12 Years a SlaveåÊ",2013,56667870,8.1
"2014","Lawrence Guterman","Edward ScissorhandsåÊ",1990,56362352,7.9
"2015","Lawrence Guterman","Me Before YouåÊ",2016,56154094,7.6
"2019","Lawrence Kasdan","SelmaåÊ",2014,52066000,7.5
"2027","Lee Toland Krieger","SpotlightåÊ",2015,44988180,8.1
"2036","Leonard Nimoy","BabelåÊ",2006,34300771,7.5
"2038","Leonard Nimoy","DoubtåÊ",2008,33422556,7.5
"2039","Les Mayfield","Team America: World PoliceåÊ",2004,32774834,7.2
"2043","Les Mayfield","MilkåÊ",2008,31838002,7.6
"2049","Lewis Gilbert","High FidelityåÊ",2000,27277055,7.6
"2052","Lisa Cholodenko","The Bank JobåÊ",2008,30028592,7.3
"2053","Liz Friedlander","Eternal Sunshine of the Spotless MindåÊ",2004,34126138,8.3
"2068","Luc Besson","PsychoåÊ",1960,32000000,8.5
"2074","Lucio Fulci","Reign Over MeåÊ",2007,19661987,7.5
"2075","Lucky McKee","Into the WildåÊ",2007,18352454,8.2
"2078","Luis Llosa","From Dusk Till DawnåÊ",1996,25753840,7.3
"2081","Luis Valdez","Kung Fu HustleåÊ",2004,17104669,7.8
"2083","Luke Greenfield","The Kite RunneråÊ",2007,15797907,7.6
"2084","Luke Greenfield","21 GramsåÊ",2003,16248701,7.7
"2097","Maggie Greenwald","Bullets Over BroadwayåÊ",1994,13383737,7.5
"2099","Malcolm D. Lee","The Quiet AmericanåÊ",2002,12987647,7.1
"2104","Mamoru Hosoda","Let Me InåÊ",2010,12134420,7.2
"2107","Marc Forby","Mrs Henderson PresentsåÊ",2005,11034436,7.1
"2109","Marc Forster","Deconstructing HarryåÊ",1997,10569071,7.4
"2114","Marc Forster","Death at a FuneralåÊ",2007,8579684,7.4
"2116","Marc Lawrence","Everybody's FineåÊ",2009,8855646,7.2
"2128","Maria Maggenti","Topsy-TurvyåÊ",1999,6201757,7.4
"2129","Marielle Heller","Little BoyåÊ",2015,6420319,7.4
"2131","Mark Andrews","A Scanner DarklyåÊ",2006,5480996,7.1
"2132","Mark Brown","Chasing MavericksåÊ",2012,6002756,7.2
"2141","Mark L. Lester","Synecdoche, New YorkåÊ",2008,3081925,7.5
"2142","Mark L. Lester","Princess MononokeåÊ",1997,2298191,8.4
"2145","Mark Neveldine","The PropositionåÊ",2005,1900725,7.4
"2148","Mark Neveldine","EquilibriumåÊ",2002,1190018,7.5
"2149","Mark Osborne","The Children of Huang ShiåÊ",2008,1027749,7.1
"2159","Mark Sandrich","The Painted VeilåÊ",2006,8047690,7.5
"2160","Mark Steven Johnson","The Baader Meinhof ComplexåÊ",2008,476270,7.4
"2161","Mark Steven Johnson","Dances with WolvesåÊ",1990,184208848,8
"2165","Mark Waters","ScreamåÊ",1996,103001286,7.2
"2167","Mark Waters","Back to the FutureåÊ",1985,210609762,8.5
"2172","Martin Brest","The Devil's DoubleåÊ",2011,1357042,7.1
"2175","Martin Campbell","Spirited AwayåÊ",2001,10049886,8.6
"2177","Martin Campbell","The Book ThiefåÊ",2013,21483154,7.6
"2184","Martin Koolhoven","Adaptation.åÊ",2002,22245861,7.7
"2186","Martin McDonagh","Fear and Loathing in Las VegasåÊ",1998,10562387,7.7
"2190","Martin Scorsese","BigåÊ",1988,114968774,7.3
"2191","Martin Scorsese","Borat: Cultural Learnings of America for Make Benefit Glorious Nation of KazakhstanåÊ",2006,128505958,7.3
"2199","Martin Scorsese","Bad SantaåÊ",2003,60057639,7.1
"2203","Martin Scorsese","PredatoråÊ",1987,59735548,7.8
"2204","Martin Weisz","AmadeusåÊ",1984,51600000,8.3
"2208","Mary McGuckian","Gosford ParkåÊ",2001,41300105,7.3
"2210","Mathieu Kassovitz","Birdman or (The Unexpected Virtue of Ignorance)åÊ",2014,42335698,7.8
"2211","Mathieu Kassovitz","Blue JasmineåÊ",2013,33404871,7.3
"2212","Matt Bettinelli-Olpin","United 93åÊ",2006,31471430,7.6
"2214","Matt Maiellaro","GloryåÊ",1989,26830000,7.9
"2217","Matt Reeves","Soul SurferåÊ",2011,43853424,7.1
"2220","Matthew O'Callaghan","Raging BullåÊ",1980,45250,8.3
"2224","Matthew Vaughn","127 HoursåÊ",2010,18329466,7.6
"2229","Max FÌ_rberbÌ¦ck","Life as a HouseåÊ",2001,15561627,7.5
"2230","Max Joseph","Steve JobsåÊ",2015,17750583,7.2
"2236","McG","The Ice StormåÊ",1997,7837632,7.5
"2239","Mel Brooks","Being JuliaåÊ",2004,7739049,7.1
"2243","Mel Gibson","Ed WoodåÊ",1994,5887457,7.9
"2245","Melvin Van Peebles","Mongol: The Rise of Genghis KhanåÊ",2007,5701643,7.3
"2246","Mennan Yapo","RocknRollaåÊ",2008,5694401,7.3
"2248","MÌ´ns MÌ´rlind","HamletåÊ",1996,4414535,7.8
"2251","Michael Apted","The Railway ManåÊ",2013,4435083,7.1
"2252","Michael Apted","The White RibbonåÊ",2009,2222647,7.8
"2254","Michael Apted","The Salton SeaåÊ",2002,676698,7.2
"2257","Michael Bay","SuperbadåÊ",2007,121463226,7.6
"2260","Michael Bay","Hotel RwandaåÊ",2004,23472900,8.1
"2264","Michael Bay","The OthersåÊ",2001,96471845,7.6
"2265","Michael Bay","AliensåÊ",1986,85200000,8.4
"2266","Michael Bay","My Fair LadyåÊ",1964,72000000,7.9
"2269","Michael Caton-Jones","SidewaysåÊ",2004,71502303,7.5
"2271","Michael Caton-Jones","HalloweenåÊ",1978,47000000,7.9
"2272","Michael Caton-Jones","HeroåÊ",2002,84961,7.9
"2283","Michael Dougherty","McFarland, USAåÊ",2015,44469602,7.4
"2284","Michael Dowse","Pitch PerfectåÊ",2012,64998368,7.2
"2286","Michael Haneke","A Simple PlanåÊ",1998,16311763,7.5
"2295","Michael Lehmann","Running ScaredåÊ",2006,6855137,7.4
"2297","Michael Lembeck","The IllusioniståÊ",2006,39825798,7.6
"2304","Michael Mann","The IllusioniståÊ",2006,39825798,7.6
"2305","Michael Martin","Wall StreetåÊ",1987,43848100,7.4
"2306","Michael Mayer","Sense and SensibilityåÊ",1995,42700000,7.7
"2307","Michael Mayer","Becoming JaneåÊ",2007,18663911,7.1
"2309","Michael McGowan","House of Sand and FogåÊ",2003,13005485,7.6
"2310","Michael Meredith","Dead Poets SocietyåÊ",1989,95860116,8
"2311","Michael Moore","Dumb & DumberåÊ",1994,127175354,7.3
"2312","Michael Moore","When Harry Met Sally...åÊ",1989,92823600,7.6
"2313","Michael Moore","The VerdictåÊ",1982,54000000,7.8
"2316","Michael Patrick Jann","The ArtiståÊ",2011,44667095,8
"2318","Michael Polish","Moonrise KingdomåÊ",2012,45507053,7.8
"2322","Michael Pressman","Pan's LabyrinthåÊ",2006,37623143,8.2
"2328","Michael Schultz","Hot FuzzåÊ",2007,23618786,7.9
"2330","Michael Sucsy","Vicky Cristina BarcelonaåÊ",2008,23213577,7.2
"2332","Michael Tiddes","White OleanderåÊ",2002,16346122,7.2
"2335","Michael Wadleigh","Radio DaysåÊ",1987,14792779,7.6
"2337","Michael Winterbottom","Remember MeåÊ",2010,19057024,7.2
"2340","Michael Winterbottom","PhiladelphiaåÊ",1993,77324422,7.7
"2345","Michel Gondry","HighlanderåÊ",1986,5900000,7.2
"2346","Michel Hazanavicius","Things We Lost in the FireåÊ",2007,2849142,7.2
"2353","Miguel Arteta","Enter the VoidåÊ",2009,336467,7.3
"2360","Mikael HÌ´fstrÌ¦m","Beverly Hills CopåÊ",1984,234760500,7.3
"2361","Mikael Salomon","Home AloneåÊ",1990,285761243,7.5
"2363","Mike Binder","TootsieåÊ",1982,177200000,7.4
"2365","Mike Binder","Crouching Tiger, Hidden DragonåÊ",2000,128067808,7.9
"2366","Mike Bruce","American BeautyåÊ",1999,130058047,8.4
"2367","Mike Cahill","The King's SpeechåÊ",2010,138795342,8
"2370","Mike Figgis","The Color PurpleåÊ",1985,94175854,7.8
"2371","Mike Flanagan","The Imitation GameåÊ",2014,91121452,8.1
"2375","Mike Judge","HalloweenåÊ",1978,47000000,7.9
"2376","Mike Leigh","National Lampoon's VacationåÊ",1983,61400000,7.4
"2378","Mike Leigh","The QueenåÊ",2006,56437947,7.3
"2379","Mike Leigh","BeetlejuiceåÊ",1988,73326666,7.5
"2381","Mike Marvin","Little WomenåÊ",1994,50003300,7.3
"2385","Mike Mitchell","Wag the DogåÊ",1997,43022524,7.1
"2392","Mike Newell","End of WatchåÊ",2012,40983001,7.7
"2395","Mike Newell","The Theory of EverythingåÊ",2014,35887263,7.7
"2398","Mike Nichols","Lawrence of ArabiaåÊ",1962,6000000,8.4
"2400","Mike Nichols","WildåÊ",2014,37877959,7.1
"2405","Milos Forman","The Princess BrideåÊ",1987,30857814,8.1
"2406","Milos Forman","The Great DebatersåÊ",2007,30226144,7.6
"2407","Mimi Leder","DriveåÊ",2011,35054909,7.8
"2413","Mira Nair","Love & BasketballåÊ",2000,27441122,7.2
"2414","Miranda July","Grosse Pointe BlankåÊ",1997,28014536,7.4
"2418","Morgan Neville","Match PointåÊ",2005,23089926,7.7
"2420","Morgan Spurlock","The Remains of the DayåÊ",1993,22954968,7.9
"2421","Mort Nathan","Boogie NightsåÊ",1997,26384919,7.9
"2431","Nancy Meyers","The Place Beyond the PinesåÊ",2012,21383298,7.3
"2434","Nat Faxon","The Hurt LockeråÊ",2008,15700000,7.6
"2452","Neil LaBute","BrazilåÊ",1985,9929000,8
"2454","Neil Marshall","The Big LebowskiåÊ",1998,17439163,8.2
"2462","Nicholas Hytner","In BrugesåÊ",2008,7757130,8
"2467","Nicholas Stoller","Whatever WorksåÊ",2009,5306447,7.2
"2469","Nicholas Stoller","Three BurialsåÊ",2005,5023275,7.5
"2471","Nick Cassavetes","Kiss Kiss Bang BangåÊ",2005,4235837,7.6
"2473","Nick Cassavetes","Mulholland DriveåÊ",2001,7219578,8
"2475","Nick Gomez","Never Let Me GoåÊ",2010,2412045,7.2
"2480","Nicolas Winding Refn","MetropolisåÊ",1927,26435,8.3
"2481","Nicolas Winding Refn","District B13åÊ",2004,1197786,7.2
"2490","Niki Caro","Groundhog DayåÊ",1993,70906973,8.1
"2493","Nima Nourizadeh","Sarah's KeyåÊ",2010,7691700,7.5
"2494","NimrÌ_d Antal","UnforgivenåÊ",1992,101157447,8.3
"2495","NimrÌ_d Antal","ManderlayåÊ",2005,74205,7.4
"2496","Nnegest LikkÌ©","Slumdog MillionaireåÊ",2008,141319195,8
"2500","Noam Murro","Born on the Fourth of JulyåÊ",1989,70001698,7.2
"2505","Norman Ferguson","The Spy Who Loved MeåÊ",1977,46800000,7.1
"2507","Norman Jewison","Dangerous LiaisonsåÊ",1988,34700000,7.7
"2528","Oliver Stone","Little ChildrenåÊ",2006,5459824,7.6
"2536","Olivier Megaton","Amen.åÊ",2002,274299,7.3
"2539","Oren Moverman","FlippedåÊ",2010,1752214,7.7
"2540","Oren Peli","Brokeback MountainåÊ",2005,83025853,7.7
"2543","Panos Cosmatos","Far from HeavenåÊ",2002,15854988,7.4
"2545","Pascal Arnold","QuillsåÊ",2000,7060876,7.4
"2546","Pat O'Connor","Seven PsychopathsåÊ",2012,14989761,7.2
"2547","Patrice Leconte","DownfallåÊ",2004,5501940,8.3
"2548","Patricia Cardoso","The Sea InsideåÊ",2004,2086345,8.1
"2549","Patricia Riggen","Good Morning, VietnamåÊ",1987,123922370,7.3
"2552","Patrick Gilmore","Black SwanåÊ",2010,106952327,8
"2554","Patrick Lussier","The Godfather: Part IIåÊ",1974,57300000,9
"2560","Patrick Tatopoulos","St. VincentåÊ",2014,44134898,7.3
"2562","Paul Abascal","10 Things I Hate About YouåÊ",1999,38176108,7.2
"2566","Paul Feig","The Butterfly EffectåÊ",2004,23947,7.7
"2574","Paul Greengrass","The MiståÊ",2007,25592632,7.2
"2575","Paul Greengrass","Ex MachinaåÊ",2015,25440971,7.7
"2576","Paul Greengrass","Being John MalkovichåÊ",1999,22858926,7.8
"2580","Paul Haggis","Letters from Iwo JimaåÊ",2006,13753931,7.9
"2582","Paul Hunter","RoomåÊ",2015,14677654,8.3
"2591","Paul McGuigan","Paris, je t'aimeåÊ",2006,4857376,7.3
"2594","Paul Schrader","The Widow of Saint-PierreåÊ",2000,3058380,7.3
"2597","Paul Thomas Anderson","BrothersåÊ",2009,28501651,7.1
"2598","Paul Thomas Anderson","Find Me GuiltyåÊ",2006,1172769,7.1
"2599","Paul Thomas Anderson","The Perks of Being a WallfloweråÊ",2012,17738570,8
"2601","Paul Thomas Anderson","InfamousåÊ",2006,1150403,7.1
"2609","Paul W.S. Anderson","Antwone FisheråÊ",2002,21078145,7.3
"2611","Paul W.S. Anderson","True RomanceåÊ",1993,12281500,8
"2612","Paul W.S. Anderson","Glengarry Glen RossåÊ",1992,10725228,7.8
"2615","Paul W.S. Anderson","Lars and the Real GirlåÊ",2007,5949693,7.4
"2616","Paul W.S. Anderson","The Boy in the Striped PajamasåÊ",2008,9030581,7.8
"2617","Paul W.S. Anderson","Dancer in the DarkåÊ",2000,4157491,8
"2623","Paul Weitz","The Land Before TimeåÊ",1988,48092846,7.3
"2624","Paul Weitz","Tae Guk Gi: The Brotherhood of WaråÊ",2004,1110186,8.1
"2626","Pawel Pawlikowski","The ExorciståÊ",1973,204565000,8
"2627","Penelope Spheeris","JawsåÊ",1975,260000000,8
"2629","Penny Marshall","Ernest & CelestineåÊ",2012,71442,7.9
"2633","Pete Docter","Star Trek II: The Wrath of KhanåÊ",1982,78900000,7.7
"2635","Pete Docter","WarGamesåÊ",1983,79568000,7.1
"2636","Pete Jones","WitnessåÊ",1985,65500000,7.4
"2640","Peter Atencio","Jackie BrownåÊ",1997,39647595,7.5
"2642","Peter Berg","ChronicleåÊ",2012,64572496,7.1
"2652","Peter Cattaneo","The Muppet Christmas CarolåÊ",1992,27281507,7.7
"2653","Peter Cattaneo","Casino RoyaleåÊ",2006,167007184,8
"2654","Peter Chelsom","FridaåÊ",2002,25776062,7.4
"2656","Peter Chelsom","The Fault in Our StarsåÊ",2014,124868837,7.8
"2657","Peter Chelsom","RoundersåÊ",1998,22905674,7.4
"2660","Peter Hastings","PhilomenaåÊ",2013,37707719,7.6
"2664","Peter Hewitt","NebraskaåÊ",2013,17613460,7.8
"2670","Peter Howitt","Das BootåÊ",1981,11433134,8.4
"2673","Peter Hyams","About TimeåÊ",2013,15294553,7.8
"2674","Peter Hyams","House of Flying DaggersåÊ",2004,11041228,7.6
"2686","Peter Jackson","Two LoversåÊ",2008,3148482,7.1
"2689","Peter Kosminsky","RavenousåÊ",1999,2060953,7.1
"2691","Peter Lepeniotis","The Great BeautyåÊ",2013,2835886,7.7
"2692","Peter Lord","The Dangerous Lives of Altar BoysåÊ",2002,1779284,7.1
"2694","Peter M. Cohen","2046åÊ",2004,261481,7.5
"2696","Peter Medak","DumaåÊ",2005,860002,7.3
"2698","Peter Ramsey","BrotheråÊ",2000,447750,7.2
"2702","Peter Segal","TradeåÊ",2007,214202,7.5
"2703","Peter Segal","FatelessåÊ",2005,195888,7.1
"2705","Peter Segal","City of Life and DeathåÊ",2009,119922,7.7
"2708","Peter Sollett","10 Days in a MadhouseåÊ",2015,14616,7.5
"2709","Peter Stebbings","SnatchåÊ",2000,30093107,8.3
"2711","Peter Weir","MadadayoåÊ",1993,48856,7.5
"2712","Peter Weir","GremlinsåÊ",1984,148170000,7.2
"2713","Peter Weir","Star Wars: Episode IV - A New HopeåÊ",1977,460935665,8.7
"2715","Petter NÌ_ss","Doctor ZhivagoåÊ",1965,111722000,8
"2717","Peyton Reed","The FighteråÊ",2010,93571803,7.9
"2718","Peyton Reed","My Cousin VinnyåÊ",1992,52929168,7.5
"2720","Phil Alden Robinson","Major LeagueåÊ",1989,49797148,7.2
"2721","Phil Joanou","Phone BoothåÊ",2002,46563158,7.1
"2722","Phil Lord","A Walk to RememberåÊ",2002,41227069,7.4
"2723","Phil Lord","Dead Man WalkingåÊ",1995,39025000,7.6
"2726","Phil Traill","The Secret Life of BeesåÊ",2008,37766350,7.3
"2730","Philip Saville","BrooklynåÊ",2015,38317535,7.5
"2735","Phillip Noyce","FrailtyåÊ",2001,13103828,7.3
"2736","Phillip Noyce","Woman in GoldåÊ",2015,33305037,7.3
"2737","Phillip Noyce","KinseyåÊ",2004,10214647,7.1
"2738","Phillip Noyce","Army of DarknessåÊ",1992,11501093,7.6
"2740","Phyllida Lloyd","What's Eating Gilbert GrapeåÊ",1993,9170214,7.8
"2741","Phyllida Lloyd","The Visual Bible: The Gospel of JohnåÊ",2003,4068087,7.7
"2742","Pierre Coffin","Vera DrakeåÊ",2004,3753806,7.7
"2745","Pierre Morel","Inside Llewyn DavisåÊ",2013,13214255,7.4
"2749","Piyush Dinker Pandya","PoltergeiståÊ",1982,76600000,7.4
"2756","Quentin Tarantino","2001: A Space OdysseyåÊ",1968,56715371,8.3
"2757","Quentin Tarantino","E.T. the Extra-TerrestrialåÊ",1982,434949459,7.9
"2761","Quentin Tarantino","Good Will HuntingåÊ",1997,138339411,8.3
"2767","Raja Gosnell","PreciousåÊ",2009,47536959,7.3
"2777","Randal Kleiser","Oliver!åÊ",1968,16800000,7.5
"2778","Randal Kleiser","The Best Exotic Marigold HotelåÊ",2011,46377022,7.3
"2786","Rawson Marshall Thurber","SnatchåÊ",2000,30093107,8.3
"2789","Raymond De Felitta","DogmaåÊ",1999,30651422,7.4
"2797","Renny Harlin","The OutsidersåÊ",1983,25600000,7.2
"2804","Renny Harlin","RushmoreåÊ",1998,17096053,7.7
"2811","Rian Johnson","TremorsåÊ",1990,16667084,7.1
"2814","Rich Christiano","MudåÊ",2012,21589307,7.4
"2820","Richard Benjamin","Love JonesåÊ",1997,12514138,7.4
"2821","Richard Benjamin","The GiftåÊ",2015,43771291,7.1
"2824","Richard Curtis","Office SpaceåÊ",1999,10824921,7.8
"2830","Richard Donner","Dirty Pretty ThingsåÊ",2002,8111360,7.4
"2835","Richard E. Grant","American History XåÊ",1998,6712241,8.6
"2838","Richard Fleischer","The Red ViolinåÊ",1998,9473382,7.7
"2839","Richard Fleischer","The Straight StoryåÊ",1999,6197866,8
"2844","Richard Kelly","Rescue DawnåÊ",2006,5484375,7.3
"2849","Richard LaGravenese","The LimeyåÊ",1999,3193102,7.1
"2850","Richard Lester","CrashåÊ",2004,54557348,7.9
"2851","Richard Lester","The House of MirthåÊ",2000,3041803,7.1
"2853","Richard Linklater","Peaceful WarrioråÊ",2006,1055654,7.3
"2859","Richard Linklater","A Better LifeåÊ",2011,1754319,7.2
"2862","Richard Linklater","Nicholas NicklebyåÊ",2002,1309849,7.2
"2867","Richard Marquand","Owning MahownyåÊ",2003,1011054,7.2
"2872","Rick Bieber","Shaolin SocceråÊ",2001,488872,7.3
"2876","Rick Famuyiwa","Imaginary HeroesåÊ",2004,228524,7.3
"2889","Ridley Scott","The Good, the Bad, the WeirdåÊ",2008,128486,7.3
"2893","Ridley Scott","AmouråÊ",2012,225377,7.9
"2895","Ridley Scott","It's a Mad, Mad, Mad, Mad WorldåÊ",1963,46300000,7.6
"2896","Ridley Scott","Richard IIIåÊ",1995,2600000,7.5
"2897","Ridley Scott","MelancholiaåÊ",2011,3029870,7.1
"2899","Ringo Lam","AlienåÊ",1979,78900000,8.5
"2900","Risa Bramon Garcia","The Texas Chain Saw MassacreåÊ",1974,30859000,7.5
"2902","Rob Bowman","Fiddler on the RoofåÊ",1971,50000000,8
"2907","Rob Cohen","SickoåÊ",2007,24530513,8
"2910","Rob Cohen","Harold & Kumar Go to White CastleåÊ",2004,18225165,7.1
"2914","Rob Cohen","Henry VåÊ",1989,10161099,7.7
"2924","Rob Marshall","All or NothingåÊ",2002,112935,7.6
"2927","Rob McKittrick","Flame and CitronåÊ",2008,145109,7.3
"2932","Rob Minkoff","Crazy HeartåÊ",2009,39462438,7.3
"2935","Rob Reiner","ElectionåÊ",1999,14879556,7.3
"2939","Rob Reiner","My Name Is KhanåÊ",2010,4018695,8
"2941","Rob Reiner","LimboåÊ",1999,1997807,7.1
"2942","Rob Reiner","The Karate KidåÊ",1984,90800000,7.2
"2944","Rob Reiner","Pulp FictionåÊ",1994,107930000,8.9
"2945","Rob Schmidt","NightcrawleråÊ",2014,32279955,7.9
"2947","Rob Zombie","The Sound of MusicåÊ",1965,163214286,8
"2949","Rob Zombie","Little Miss SunshineåÊ",2006,59889948,7.9
"2950","Rob Zombie","Stand by MeåÊ",1986,52287414,8.1
"2951","Robby Henson","28 Days Later...åÊ",2002,45063889,7.6
"2953","Robert Altman","Escape from AlcatrazåÊ",1979,36500000,7.6
"2956","Robert Ben Garant","50/50åÊ",2011,34963967,7.7
"2959","Robert Duvall","Much Ado About NothingåÊ",1993,22551000,7.4
"2966","Robert Iscove","American PsychoåÊ",2000,15047419,7.6
"2969","Robert Luketic","Enough SaidåÊ",2013,17536788,7.1
"2970","Robert Luketic","Easy AåÊ",2010,58401464,7.1
"2975","Robert Moresco","AnomalisaåÊ",2015,3442820,7.3
"2976","Robert Redford","Another YearåÊ",2010,3205244,7.3
"2977","Robert Redford","8 WomenåÊ",2002,3076425,7.1
"2980","Robert Redford","It's Kind of a Funny StoryåÊ",2010,6350058,7.2
"2981","Robert Rodriguez","Made in DagenhamåÊ",2010,1094798,7.2
"2984","Robert Rodriguez","The Secret of KellsåÊ",2009,686383,7.7
"2985","Robert Rodriguez","Begin AgainåÊ",2013,16168741,7.4
"2996","Robert Schwentke","AkiraåÊ",1988,439162,8.1
"2999","Robert Schwentke","Driving Miss DaisyåÊ",1989,106593296,7.4
"3002","Robert Towne","Thank You for SmokingåÊ",2005,24792061,7.6
"3004","Robert Wise","An EducationåÊ",2009,12574715,7.3
"3006","Robert Zemeckis","NarcåÊ",2002,10460089,7.2
"3011","Robert Zemeckis","CrashåÊ",2004,54557348,7.9
"3013","Robert Zemeckis","PersepolisåÊ",2007,4443403,8
"3015","Robert Zemeckis","Harry BrownåÊ",2009,1818681,7.2
"3018","Robert Zemeckis","JunoåÊ",2007,143492840,7.5
"3020","Rod Lurie","The GodfatheråÊ",1972,134821952,9.2
"3022","Rod Lurie","500 Days of SummeråÊ",2009,32391374,7.7
"3023","Rod Lurie","The PianoåÊ",1993,40158000,7.6
"3029","Roger Allers","The Great GatsbyåÊ",2013,144812796,7.3
"3030","Roger Allers","Good Night, and Good Luck.åÊ",2005,31501218,7.5
"3031","Roger Avary","CapoteåÊ",2005,28747570,7.4
"3032","Roger Avary","DesperadoåÊ",1995,25625110,7.2
"3037","Roger Donaldson","The DescentåÊ",2005,26005908,7.2
"3041","Roger Kumble","DopeåÊ",2015,17474107,7.3
"3043","Roger Kumble","SkyfallåÊ",2012,304360277,7.8
"3046","Roger Michell","Get LowåÊ",2009,9176553,7.1
"3048","Roger Spottiswoode","A Single ManåÊ",2009,9166863,7.6
"3049","Roger Spottiswoode","The Last Temptation of ChriståÊ",1988,8373585,7.6
"3052","Roland Emmerich","Rabbit-Proof FenceåÊ",2002,6165429,7.5
"3056","Roland Emmerich","Veer-ZaaraåÊ",2004,2921738,7.9
"3062","Roman Polanski","We Need to Talk About KevinåÊ",2011,1738692,7.5
"3064","Ron Clements","Mother and ChildåÊ",2009,1110286,7.2
"3069","Ron Howard","HesheråÊ",2010,382946,7.1
"3075","Ron Howard","Pale RideråÊ",1985,41400000,7.3
"3076","Ron Howard","Dazed and ConfusedåÊ",1993,7993039,7.7
"3077","Ron Howard","Aimee & JaguaråÊ",1999,927107,7.3
"3081","Ron Maxwell","IncendiesåÊ",2010,6857096,8.2
"3083","Ron Shelton","Elite SquadåÊ",2007,8060,8.1
"3086","Ron Shelton","Boyz n the HoodåÊ",1991,57504069,7.8
"3088","Ron Underwood","Dressed to KillåÊ",1980,31899000,7.1
"3090","Ronan Chapalain","GoåÊ",1999,16842303,7.3
"3093","Ronny Yu","Nowhere in AfricaåÊ",2001,6173485,7.7
"3094","Ronny Yu","ShameåÊ",2011,4000304,7.3
"3095","Rowan Joffe","Layer CakeåÊ",2004,2338695,7.4
"3099","Ruben Fleischer","AberdeenåÊ",2000,64148,7.3
"3100","Ruben Fleischer","The MessengeråÊ",2009,66637,7.2
"3101","Ruben Fleischer","ControlåÊ",2007,871577,7.7
"3102","Ruggero Deodato","The TerminatoråÊ",1984,38400000,8.1
"3103","Rupert Sanders","Good Bye Lenin!åÊ",2003,4063859,7.7
"3104","Rupert Wainwright","The Damned UnitedåÊ",2009,449558,7.6
"3105","Rupert Wyatt","MallratsåÊ",1995,2122561,7.2
"3106","Rupert Wyatt","GreaseåÊ",1978,181360000,7.2
"3107","Rupert Wyatt","PlatoonåÊ",1986,137963328,8.1
"3108","Russ Meyer","Fahrenheit 9/11åÊ",2004,119078393,7.5
"3109","Russell Crowe","Butch Cassidy and the Sundance KidåÊ",1969,102308900,8.1
"3110","Russell Mulcahy","Mary PoppinsåÊ",1964,102300000,7.8
"3111","Russell Mulcahy","Ordinary PeopleåÊ",1980,54800000,7.8
"3113","Rusty Cundieff","West Side StoryåÊ",1961,43650000,7.6
"3114","Ryan Coogler","CaddyshackåÊ",1980,39800000,7.4
"3117","Ryan Murphy","The Usual SuspectsåÊ",1995,23272306,8.6
"3120","RZA","The WrestleråÊ",2008,26236603,7.9
"3122","S.S. Rajamouli","Best in ShowåÊ",2000,18621249,7.5
"3123","Salim Akil","Escape from New YorkåÊ",1981,25244700,7.2
"3129","Sam Mendes","The Last King of ScotlandåÊ",2006,17605861,7.7
"3134","Sam Mendes","The WordsåÊ",2012,11434867,7.1
"3136","Sam Mendes","City IslandåÊ",2009,6670712,7.4
"3137","Sam Miller","The GuardåÊ",2011,5359774,7.3
"3139","Sam Raimi","The Virgin SuicidesåÊ",1999,4859475,7.2
"3143","Sam Raimi","Hedwig and the Angry InchåÊ",2001,3029081,7.8
"3145","Sam Raimi","Shattered GlassåÊ",2003,2207975,7.2
"3156","Sara Sugarman","L'auberge espagnoleåÊ",2002,3895664,7.3
"3158","Saul Dibb","Winter in WartimeåÊ",2008,542860,7.1
"3159","Scott Alexander","The ProtectoråÊ",2005,11905519,7.1
"3164","Scott Derrickson","The StingåÊ",1973,159600000,8.3
"3165","Scott Derrickson","Chariots of FireåÊ",1981,58800000,7.2
"3167","Scott Derrickson","ShineåÊ",1996,35811509,7.7
"3169","Scott Hicks","Ghost WorldåÊ",2001,6200756,7.4
"3170","Scott Hicks","IrisåÊ",2001,1292119,7.1
"3171","Scott Hicks","The ChorusåÊ",2004,3629758,7.9
"3174","Scott Kalvert","Do the Right ThingåÊ",1989,27545445,7.9
"3176","Scott Speer","Le HavreåÊ",2011,611709,7.2
"3180","Scott Ziehl","HeadhuntersåÊ",2011,1196752,7.6
"3181","Sean Anders","Saint RalphåÊ",2004,795126,7.6
"3184","Sean Anders","10 Cloverfield LaneåÊ",2016,71897215,7.3
"3190","Sergey Bodrov","The GiftåÊ",2015,43771291,7.1
"3191","Sergey Bodrov","Instructions Not IncludedåÊ",2013,44456509,7.6
"3195","Seth Gordon","MonsteråÊ",2003,34468224,7.3
"3197","Seth Gordon","Dallas Buyers ClubåÊ",2013,27296514,8
"3199","Seth MacFarlane","MementoåÊ",2000,25530884,8.5
"3201","Shana Feste","Clerks IIåÊ",2006,24138847,7.4
"3202","Shana Feste","Billy ElliotåÊ",2000,21994911,7.7
"3203","Shana Feste","The Way Way BackåÊ",2013,21501098,7.4
"3206","Shane Black","The ApostleåÊ",1997,20733485,7.2
"3212","Shawn Levy","Eve's BayouåÊ",1997,14821531,7.3
"3213","Shawn Levy","Still AliceåÊ",2014,18656400,7.5
"3218","Shawn Levy","Y Tu MamÌÁ TambiÌ©nåÊ",2001,13622333,7.7
"3219","Shawn Levy","Shaun of the DeadåÊ",2004,13464388,8
"3221","Shawn Levy","Lone StaråÊ",1996,13269963,7.6
"3224","Shekhar Kapur","DineråÊ",1982,14100000,7.2
"3232","Sidney Lumet","The Barbarian InvasionsåÊ",2003,3432342,7.7
"3237","Simon Wells","MoonåÊ",2009,5009677,7.9
"3239","Simon West","The Sweet HereafteråÊ",1997,4306697,7.7
"3240","Simon West","Of Gods and MenåÊ",2010,3950029,7.2
"3242","Simon West","Heavenly CreaturesåÊ",1994,3049135,7.4
"3246","Simon Wincer","The MachiniståÊ",2004,1082044,7.7
"3251","Sofia Coppola","Green RoomåÊ",2015,3219029,7.1
"3252","Sofia Coppola","Bottle RocketåÊ",1996,1040879,7.1
"3254","Sofia Coppola","Lovely, StillåÊ",2008,124720,7.3
"3258","Spike Jonze","I Served the King of EnglandåÊ",2006,617228,7.4
"3259","Spike Jonze","Soul KitchenåÊ",2009,274385,7.3
"3260","Spike Lee","Sling BladeåÊ",1996,24475416,8
"3263","Spike Lee","Take ShelteråÊ",2011,1729969,7.4
"3267","Spike Lee","The Names of LoveåÊ",2010,513836,7.2
"3270","Spike Lee","Four Weddings and a FuneralåÊ",1994,52700832,7.1
"3271","Spike Lee","25th HouråÊ",2002,13060843,7.7
"3272","Spike Lee","BoundåÊ",1996,3798532,7.4
"3273","Spike Lee","Requiem for a DreamåÊ",2000,3609278,8.4
"3274","Spike Lee","TangoåÊ",1998,1687311,7.2
"3275","Stanley Kramer","Donnie DarkoåÊ",2001,727883,8.1
"3276","Stanley Kubrick","CharacteråÊ",1997,713413,7.8
"3278","Stanley Tong","Lady VengeanceåÊ",2005,211667,7.7
"3280","Stefan Ruzowitzky","ExiledåÊ",2006,49413,7.3
"3282","Stefan Schwartz","One Flew Over the Cuckoo's NeståÊ",1975,112000000,8.7
"3284","Stephan Elliott","Whale RideråÊ",2002,20772796,7.6
"3285","Stephen Carpenter","PaaåÊ",2009,199228,7.2
"3288","Stephen Chow","The Crying GameåÊ",1992,62549000,7.3
"3291","Stephen Daldry","Lost in TranslationåÊ",2003,44566004,7.8
"3292","Stephen Daldry","Annie HallåÊ",1977,39200000,8.1
"3295","Stephen Frears","Monster's BallåÊ",2001,31252964,7.1
"3297","Stephen Frears","Leaving Las VegasåÊ",1995,31968347,7.6
"3299","Stephen Frears","The Kids Are All RightåÊ",2010,20803237,7.1
"3300","Stephen Frears","They LiveåÊ",1988,13008928,7.3
"3302","Stephen Gaghan","BoyhoodåÊ",2014,25359200,8
"3310","Stephen Herek","The OrphanageåÊ",2007,7159147,7.5
"3314","Stephen Hopkins","SecretaryåÊ",2002,4046737,7.1
"3316","Stephen Hopkins","Talk RadioåÊ",1988,3468572,7.3
"3317","Stephen Hopkins","Waiting for GuffmanåÊ",1996,2892582,7.6
"3322","Stephen Milburn Anderson","SamsaraåÊ",2011,2601847,8.5
"3331","Steve Barron","Buen DÌ_a, RamÌ_nåÊ",2013,100412,7.7
"3335","Steve Box","Mondays in the SunåÊ",2002,146402,7.7
"3340","Steve Carr","Gone with the WindåÊ",1939,198655278,8.2
"3345","Steve James","The PirateåÊ",1948,2956000,7.1
"3349","Steve McQueen","The Full MontyåÊ",1997,45857453,7.2
"3350","Steve McQueen","Airplane!åÊ",1980,83400000,7.8
"3351","Steve Miner","FridayåÊ",1995,27900000,7.3
"3352","Steve Miner","Menace II SocietyåÊ",1993,27900000,7.5
"3357","Steve Oedekerk","Gods and MonstersåÊ",1998,6390032,7.5
"3358","Steve Oedekerk","The Secret in Their EyesåÊ",2009,20167424,8.2
"3359","Steve Oedekerk","Evil Dead IIåÊ",1987,5923044,7.8
"3368","Steven Brill","March of the PenguinsåÊ",2005,77413017,7.6
"3369","Steven Brill","Margin CallåÊ",2011,5354039,7.1
"3371","Steven E. de Souza","WhiplashåÊ",2014,13092000,8.5
"3372","Steven Quale","City of GodåÊ",2002,7563397,8.7
"3373","Steven Quale","Human TrafficåÊ",1999,104257,7.1
"3374","Steven R. Monroe","The HuntåÊ",2012,610968,8.3
"3375","Steven Seagal","BellaåÊ",2006,8108247,7.4
"3376","Steven Shainberg","Maria Full of GraceåÊ",2004,6517198,7.5
"3377","Steven Shainberg","BeginnersåÊ",2010,5776314,7.2
"3378","Steven Soderbergh","Animal HouseåÊ",1978,141600000,7.6
"3379","Steven Soderbergh","GoldfingeråÊ",1964,51100000,7.8
"3380","Steven Soderbergh","TrainspottingåÊ",1996,16501785,8.2
"3383","Steven Soderbergh","Waking Ned DevineåÊ",1998,24788807,7.4
"3384","Steven Soderbergh","Bowling for ColumbineåÊ",2002,21244913,8
"3386","Steven Soderbergh","A Room with a ViewåÊ",1985,20966644,7.4
"3392","Steven Soderbergh","The Bridge on the River KwaiåÊ",1957,27200000,8.2
"3395","Steven Spielberg","Dave Chappelle's Block PartyåÊ",2005,11694528,7.2
"3398","Steven Spielberg","Before MidnightåÊ",2013,8114507,7.9
"3407","Steven Spielberg","Thirteen Conversations About One ThingåÊ",2001,3287435,7.1
"3410","Steven Spielberg","TsotsiåÊ",2005,2912363,7.3
"3411","Steven Spielberg","HappinessåÊ",1998,3000000,7.8
"3414","Steven Spielberg","OldboyåÊ",2003,2181290,8.4
"3420","Steven Zaillian","Summer StormåÊ",2004,95016,7.4
"3426","Stuart Baird","Central StationåÊ",1998,5595428,8
"3429","Stuart Gordon","Hustle & FlowåÊ",2005,22201636,7.4
"3430","Stuart Gordon","Some Like It HotåÊ",1959,25000000,8.3
"3432","Susan Seidelman","The Wizard of OzåÊ",1939,22202612,8.1
"3433","Susan Stroman","Young FrankensteinåÊ",1974,86300000,8
"3435","Susanne Bier","Ulee's GoldåÊ",1997,9054736,7.1
"3436","Sydney Pollack","Blazing SaddlesåÊ",1974,119500000,7.8
"3438","Sydney Pollack","MauriceåÊ",1987,3130592,7.8
"3440","Sydney Pollack","TimecrimesåÊ",2007,38108,7.2
"3447","Takao Okawara","My Own Private IdahoåÊ",1991,6401336,7.1
"3448","Takashi Shimizu","Garden StateåÊ",2004,26781723,7.6
"3449","Takashi Shimizu","Before SunriseåÊ",1995,5400000,8.1
"3451","Tamara Jenkins","Robot & FrankåÊ",2012,3325638,7.1
"3452","Tamra Davis","My Life Without MeåÊ",2003,395592,7.6
"3453","Tamra Davis","The Spectacular NowåÊ",2013,6851969,7.1
"3454","Tamra Davis","ReligulousåÊ",2008,12995673,7.7
"3455","Tarsem Singh","FuelåÊ",2008,173783,7.6
"3459","Tate Taylor","8: The Mormon PropositionåÊ",2010,99851,7.1
"3466","Taylor Hackford","This Is EnglandåÊ",2006,327919,7.7
"3471","Terence Young","The Best Years of Our LivesåÊ",1946,23650000,8.1
"3472","Terence Young","EllingåÊ",2001,313436,7.6
"3473","Terrence Malick","Mi AmericaåÊ",2015,3330,7.2
"3474","Terrence Malick","From Russia with LoveåÊ",1963,24800000,7.5
"3477","Terry Gilliam","Mad Max 2: The Road WarrioråÊ",1981,9003011,7.6
"3478","Terry Gilliam","The Legend of Drunken MasteråÊ",1994,11546543,7.6
"3479","Terry Gilliam","Boys Don't CryåÊ",1999,11533945,7.6
"3481","Terry Gilliam","The Lives of OthersåÊ",2006,11284657,8.5
"3483","Terry Gilliam","The Triplets of BellevilleåÊ",2003,7002255,7.8
"3484","Terry Zwigoff","Smoke SignalsåÊ",1998,6719300,7.2
"3485","Terry Zwigoff","Before SunsetåÊ",2004,5792822,8
"3486","Thaddeus O'Sullivan","Amores PerrosåÊ",2000,5383834,8.1
"3488","Theodore Melfi","Winter's BoneåÊ",2010,6531491,7.2
"3489","Theodore Witcher","Me and You and Everyone We KnowåÊ",2005,3885134,7.4
"3495","Thomas Vinterberg","HamletåÊ",1996,4414535,7.8
"3497","Thomas Vinterberg","Waltz with BashiråÊ",2008,2283276,8
"3499","Thor Freudenthal","No End in SightåÊ",2007,1430185,8.3
"3501","Ti West","In the Shadow of the MoonåÊ",2007,1134049,8.1
"3512","Tim Burton","Gangster's Paradise: JerusalemaåÊ",2008,4958,7.8
"3513","Tim Burton","The Lady from ShanghaiåÊ",1947,7927,7.7
"3515","Tim Burton","River's EdgeåÊ",1986,4600000,7.1
"3520","Tim Burton","A Nightmare on Elm StreetåÊ",1984,26505000,7.5
"3521","Tim Burton","Man on WireåÊ",2008,2957978,7.8
"3522","Tim Chambers","Brotherly LoveåÊ",2015,444044,7.2
"3525","Tim Hill","Beasts of the Southern WildåÊ",2012,12784397,7.3
"3526","Tim Hill","SongcatcheråÊ",2000,3050934,7.3
"3527","Tim Hill","Travelers and MagiciansåÊ",2003,505295,7.5
"3528","Tim Hunter","Run Lola RunåÊ",1998,7267324,7.8
"3530","Tim Johnson","In the BedroomåÊ",2001,35918429,7.5
"3534","Tim Miller","The LunchboxåÊ",2013,4231500,7.8
"3536","Tim Robbins","CaramelåÊ",2007,1060591,7.2
"3537","Tim Story","Mississippi MermaidåÊ",1969,26893,7.2
"3539","Tim Story","Dawn of the DeadåÊ",2004,58885635,7.4
"3540","Tim Story","WaitressåÊ",2007,19067631,7.1
"3543","Timothy BjÌ¦rklund","The Squid and the WhaleåÊ",2005,7362100,7.4
"3545","Timur Bekmambetov","ExoticaåÊ",1994,5132222,7.2
"3546","Timur Bekmambetov","Buffalo '66åÊ",1998,2365931,7.5
"3548","Tina Gordon Chism","Nine QueensåÊ",2000,1221261,7.9
"3552","Tobe Hooper","The BelieveråÊ",2001,406035,7.2
"3555","Tod Williams","Modern TimesåÊ",1936,163245,8.6
"3563","Todd Phillips","Snow White and the Seven DwarfsåÊ",1937,184925485,7.7
"3566","Todd Phillips","Lock, Stock and Two Smoking BarrelsåÊ",1998,3650677,8.2
"3567","Todd Phillips","The CelebrationåÊ",1998,1647780,8.1
"3568","Todd Phillips","Trees LoungeåÊ",1996,695229,7.2
"3569","Todd Phillips","Journey from the FallåÊ",2006,638951,7.4
"3576","Tom Dey","Sex, Lies, and VideotapeåÊ",1989,24741700,7.2
"3577","Tom Ford","SawåÊ",2004,55153403,7.7
"3578","Tom Gormican","Super TroopersåÊ",2001,18488314,7.1
"3580","Tom Hanks","Monsoon WeddingåÊ",2001,13876974,7.4
"3581","Tom Hanks","You Can Count on MeåÊ",2000,9180275,7.7
"3582","Tom Holland","Lucky Number SlevinåÊ",2006,22494487,7.8
"3585","Tom Hooper","Reservoir DogsåÊ",1992,2812029,8.4
"3586","Tom Hooper","The Good, the Bad and the UglyåÊ",1966,6100000,8.9
"3587","Tom Kalin","The Second MotheråÊ",2015,375723,7.9
"3592","Tom Putnam","Dead Man's ShoesåÊ",2004,6013,7.7
"3596","Tom Shadyac","The Raid: RedemptionåÊ",2011,4105123,7.6
"3597","Tom Shadyac","RockyåÊ",1976,117235247,8.1
"3601","Tom Tykwer","Dr. NoåÊ",1962,16067035,7.3
"3607","Tomas Alfredson","Blue ValentineåÊ",2010,9701559,7.4
"3608","Tomm Moore","TransamericaåÊ",2005,9013113,7.4
"3612","Tommy O'Haver","The SessionsåÊ",2012,5997134,7.2
"3614","Tommy Wirkola","JunoåÊ",2007,143492840,7.5
"3615","Tommy Wirkola","Frozen RiveråÊ",2008,2508841,7.2
"3616","Tony Bancroft","20 Feet from StardomåÊ",2013,4946250,7.4
"3619","Tony Gilroy","The Full MontyåÊ",1997,45857453,7.2
"3620","Tony Gilroy","Who Killed the Electric Car?åÊ",2006,1677838,7.7
"3623","Tony Jaa","SlamåÊ",1998,982214,7.2
"3624","Tony Kaye","Brigham CityåÊ",2001,798341,7.2
"3630","Tony Scott","Wristcutters: A Love StoryåÊ",2006,104077,7.4
"3633","Tony Scott","The Act of KillingåÊ",2012,484221,8.2
"3634","Tony Scott","Taxi to the Dark SideåÊ",2007,274661,7.7
"3635","Tony Scott","Once in a Lifetime: The Extraordinary Story of the New York CosmosåÊ",2006,144431,7.3
"3636","Tony Scott","Antarctica: A Year on IceåÊ",2013,287761,7.6
"3648","Tyler Perry","On the WaterfrontåÊ",1954,9600000,8.2
"3650","Tyler Perry","4 Months, 3 Weeks and 2 DaysåÊ",2007,1185783,7.9
"3651","Tyler Perry","Hard CandyåÊ",2005,1007962,7.1
"3653","Tyler Perry","Fruitvale StationåÊ",2013,16097842,7.5
"3656","Uli Edel","Latter DaysåÊ",2003,819939,7.2
"3659","Uwe Boll","A SeparationåÊ",2011,7098492,8.4
"3660","Uwe Boll","Welcome to the DollhouseåÊ",1995,4771000,7.5
"3661","Vadim Perelman","Ruby in ParadiseåÊ",1993,1001437,7.2
"3662","Vadim Perelman","Raising Victor VargasåÊ",2002,2073984,7.2
"3665","Vicente Amorim","American GraffitiåÊ",1973,115000000,7.5
"3673","Victor Salva","Hoop DreamsåÊ",1994,7830611,8.3
"3674","Vincent Gallo","L.I.E.åÊ",2001,1141829,7.2
"3675","Vincent Gallo","King KongåÊ",2005,218051260,7.2
"3677","Vincent Ward","Half NelsonåÊ",2006,2694973,7.2
"3678","Vincente Minnelli","Top HatåÊ",1935,3000000,7.8
"3680","Vincenzo Natali","WoodstockåÊ",1970,13300000,8.1
"3683","Wally Pfister","A Hard Day's NightåÊ",1964,515005,7.7
"3688","Walter Hill","The Station AgentåÊ",2003,5739376,7.7
"3689","Walter Hill","To Save a LifeåÊ",2009,3773863,7.1
"3690","Walter Salles","Beyond the MatåÊ",1999,2047570,7.6
"3691","Walter Salles","OsamaåÊ",2003,1127331,7.4
"3694","Warren Beatty","Twin Falls IdahoåÊ",1999,985341,7.3
"3695","Warren P. Sonoda","Mean CreekåÊ",2004,603943,7.3
"3700","Wayne Wang","Seven SamuraiåÊ",1954,269061,8.7
"3711","Wes Anderson","Bloody SundayåÊ",2002,768045,7.7
"3712","Wes Anderson","Conversations with Other WomenåÊ",2005,379122,7.1
"3714","Wes Ball","42nd StreetåÊ",1933,2300000,7.7
"3715","Wes Craven","MetropolitanåÊ",1990,2938208,7.5
"3716","Wes Craven","As It Is in HeavenåÊ",2004,9910,7.6
"3718","Wes Craven","Blue RuinåÊ",2013,258113,7.1
"3720","Wes Craven","Monty Python and the Holy GrailåÊ",1975,1229197,8.3
"3721","Wes Craven","QuinceaÌ±eraåÊ",2006,1689999,7.1
"3723","Wes Craven","TarnationåÊ",2003,592014,7.2
"3729","Will Finn","MurderballåÊ",2005,1523883,7.8
"3731","Will Gluck","HalloweenåÊ",1978,47000000,7.9
"3735","William A. Graham","Pieces of AprilåÊ",2003,2360184,7.1
"3737","William Brent Bell","Wendy and LucyåÊ",2008,856942,7.1
"3739","William Cottrell","Across the UniverseåÊ",2007,24343673,7.4
"3742","William Friedkin","Chasing AmyåÊ",1997,12006514,7.3
"3744","William Friedkin","Better Luck TomorrowåÊ",2002,3799339,7.2
"3748","William Wyler","CubeåÊ",1997,489220,7.3
"3754","Wolfgang Petersen","BurnåÊ",2012,111300,7.5
"3757","Woody Allen","SwingersåÊ",1996,4505922,7.4
"3758","Woody Allen","A Fistful of DollarsåÊ",1964,3500000,8
"3759","Woody Allen","Short Cut to Nirvana: Kumbh MelaåÊ",2004,381225,7.2
"3761","Woody Allen","Side EffectsåÊ",2013,32154410,7.1
"3762","Woody Allen","The Trials of Darryl HuntåÊ",2006,1111,7.7
"3763","Woody Allen","Children of HeavenåÊ",1997,925402,8.5
"3764","Woody Allen","WeekendåÊ",2011,469947,7.7
"3769","Woody Allen","OnceåÊ",2007,9437933,7.9
"3770","Woody Allen","The Horse BoyåÊ",2009,155984,7.4
"3771","Woody Allen","The Texas Chain Saw MassacreåÊ",1974,30859000,7.5
"3772","Woody Allen","Roger & MeåÊ",1989,6706368,7.5
"3780","Yarrow Cheney","PiåÊ",1998,3216970,7.5
"3782","Yash Chopra","Super Size MeåÊ",2004,11529368,7.3
"3787","Yimou Zhang","George WashingtonåÊ",2000,241816,7.5
"3788","Youssef Delara","Smiling Fish & Goat on FireåÊ",1999,277233,7.6
"3790","Zach Braff","ClerksåÊ",1994,3151130,7.8
"3791","Zach Cregger","In the Company of MenåÊ",1997,2856622,7.3
"3793","Zack Snyder","SlackeråÊ",1991,1227508,7.1
"3797","Zack Snyder","The CircleåÊ",2000,673780,7.5
"3798","Zack Snyder","The CureåÊ",1997,94596,7.4
